{"ggh_sigma_err": [2.69705852e-05, 5.45171947e-05, 0.00209053013, 1.49150908e-06, 1.49150908e-06, 0.00209053013, 0.000275143596, 7.65288131e-06, 3.64613272e-07, 0.00209053013, 0.000275143596, 5.45171947e-05, 0.000275143596, 5.45171947e-05, 7.65288131e-06, 1.49150908e-06, 3.64613272e-07, 0.000117480755, 0.000117480755, 2.69705852e-05, 2.69705852e-05, 7.65288131e-06], "mA": [1000, 900, 500, 1500, 1500, 500, 700, 1200, 1800, 500, 700, 900, 700, 900, 1200, 1500, 1800, 800, 800, 1000, 1000, 1200], "mH": [600, 350, 400, 1400, 1000, 350, 350, 850, 1600, 370, 370, 370, 400, 400, 400, 400, 400, 600, 650, 700, 800, 1000], "BR": [0.04151646045828329, 0.046979719081027445, 0.00038036492932485547, 0.00015701061208430543, 0.04832450185058401, 0.006483869545530971, 0.03414617337651036, 0.035072378234205746, 0.008817754183584593, 0.0037026866628038792, 0.03438306878287397, 0.049506086457267125, 0.03084021500556463, 0.04846707915172793, 0.05817227914682092, 0.06182897296202031, 0.06357443182093732, 0.013453403656276392, 0.005173560944340169, 0.02919289872174967, 0.012144274968798406, 0.011081950515291464], "ggh_sigma": [0.0608168676, 0.120951256, 4.03483294, 0.00347650457, 0.00347650457, 4.03483294, 0.576902711, 0.0175787585, 0.000838509738, 4.03483294, 0.576902711, 0.120951256, 0.576902711, 0.120951256, 0.0175787585, 0.00347650457, 0.000838509738, 0.254805833, 0.254805833, 0.0608168676, 0.0608168676, 0.0175787585]}