{"2000,1000": 4.6191994767797444e-05, "1500,350": 0.00032733367296341185, "950,550": 0.007139478012026569, "1800,1600": 2.722151712333657e-05, "1900,800": 6.995473038224968e-05, "1000,750": 0.003315178713381658, "700,400": 0.03716197050384633, "1100,700": 0.0027815449816127194, "1150,1050": 1.6961625275041412e-05, "1400,800": 0.0006256094229954104, "1400,700": 0.0006443950013332461, "450,330": 0.005066498347407615, "750,500": 0.020451809814484086, "1400,1100": 0.0004124496593985032, "850,330": 0.0014178799860869939, "1900,700": 7.030941595766567e-05, "950,650": 0.005795798632427017, "850,500": 0.013165707286230705, "1700,700": 0.00016336718844101226, "1600,900": 0.0002462414751368933, "1050,750": 0.003024684506959437, "700,550": 0.009712177299823906, "1800,1000": 0.00010330310166169867, "1700,1400": 9.540410629945072e-05, "1600,1000": 0.00023839268811440587, "1800,1300": 9.175438481183174e-05, "1700,500": 0.00016475713225649064, "1000,500": 0.005635146269113926, "1800,400": 0.00010626882321790509, "1700,400": 0.0001635747382376182, "1900,1100": 6.776045152480722e-05, "800,400": 0.02025394773018076, "1000,600": 0.005159776467632215, "1900,1600": 3.918003551727453e-05, "1050,450": 0.004306084484271611, "2100,600": 3.183532906667098e-05, "1800,800": 0.0001057613621210525, "1600,600": 0.00025632222934028034, "1300,350": 0.0008820788686909021, "1300,600": 0.0010776400135360984, "900,700": 0.004385974584298777, "500,350": 0.06184139352033846, "1200,800": 0.0015554416885934143, "1600,350": 0.00020568710585023192, "1150,350": 0.0019786022618590525, "2000,600": 4.7117703052619434e-05, "1400,400": 0.000660035038732541, "2000,1400": 4.237523919547839e-05, "900,650": 0.006574395561394515, "2100,1600": 2.6547478580371725e-05, "900,350": 0.008851236041162905, "1500,600": 0.0004063206153105981, "1900,350": 5.628125828517117e-05, "800,650": 0.004105412054646639, "2000,800": 4.6807030690662645e-05, "1000,450": 0.005766431357723893, "800,550": 0.013781872957953535, "950,700": 0.0046394733535547955, "850,450": 0.014159998439013655, "1900,1400": 5.9938342044463405e-05, "1700,1000": 0.00015653503906635035, "1000,350": 0.004742800306037195, "850,750": 0.00014568553307783938, "1800,600": 0.00010691725256909531, "2000,1700": 2.5626707116587423e-05, "1200,1100": 1.2355634888074806e-05, "1500,500": 0.0004088622278803583, "900,550": 0.00925728699571542, "700,500": 0.02149623340254211, "1200,1000": 0.0006127795131949883, "1500,400": 0.0004068355501883853, "430,330": 0.0011711880479178237, "1800,1100": 0.00010111518496144897, "2100,400": 3.156098963035708e-05, "2000,350": 3.7556793996773546e-05, "1700,600": 0.0001643106728141425, "1000,800": 0.0021761604442096264, "1100,600": 0.003056316153352965, "2000,1800": 1.1178530937866548e-05, "1500,700": 0.00040168291396536427, "650,350": 0.04590268020637229, "750,400": 0.027684235274367596, "1500,800": 0.00039427381706956733, "1050,850": 0.0015612338422792997, "1150,650": 0.002281701827762113, "800,330": 0.001982291365377187, "700,330": 0.003937107859163029, "850,350": 0.01224070813362936, "550,450": 0.002561993876900489, "1500,1200": 0.0002481303477427409, "550,400": 0.04306147960673629, "1050,900": 0.0006476783967891294, "600,450": 0.025422337360546627, "1200,330": 0.0001724497751052797, "1300,900": 0.0008975834820990873, "1200,350": 0.0015011348570347061, "1000,700": 0.004163577029057647, "1400,1300": 3.7924584013728053e-06, "1150,550": 0.00239116895793671, "1200,500": 0.0018490191212530529, "800,700": 0.00022015202550817903, "1500,1300": 0.00011677790663708283, "1050,350": 0.003515697093213905, "1700,1500": 4.344611296513775e-05, "1500,1000": 0.00036146521539954856, "1100,750": 0.002551458982319676, "2100,800": 3.1664649999094236e-05, "750,550": 0.014047349636039892, "900,400": 0.010763798789840472, "700,450": 0.03091443731037974, "500,330": 0.010201614930955075, "1100,450": 0.003235039455440531, "1900,1700": 1.7324769788153548e-05, "2100,700": 3.176903675539299e-05, "1300,1000": 0.0007021446618267692, "2000,700": 4.6995643722384546e-05, "1300,500": 0.0010941452291344767, "1500,900": 0.0003822204521946877, "1200,400": 0.0018593073900676047, "1100,500": 0.0031964287444707236, "1100,850": 0.0017499656100090446, "750,650": 0.00033972131971964304, "600,500": 0.0014656904155725737, "1800,500": 0.00010710517955762898, "650,550": 0.0008726271288316756, "950,600": 0.0065945224381576545, "1600,500": 0.00025737883380204607, "950,850": 6.72914500162437e-05, "2100,350": 2.5357454349032587e-05, "1800,1500": 6.068612681636395e-05, "2100,1200": 3.0737512417308286e-05, "1600,1300": 0.00015246675731587594, "2100,1300": 3.025480409410935e-05, "550,350": 0.07211019889203542, "2100,1000": 3.133249000391932e-05, "2100,1400": 2.954203786159028e-05, "1700,1100": 0.00015135112487655564, "600,350": 0.06075676802509185, "1700,1200": 0.0001425181831253252, "1000,550": 0.005440228258778965, "1150,850": 0.0016443776544147898, "550,330": 0.009689881831298253, "1900,1200": 6.627043035978884e-05, "1100,400": 0.0032448580367513136, "600,330": 0.007572282052812538, "650,330": 0.0055259861779389215, "650,400": 0.04754433316946098, "1100,330": 0.0003020998422037397, "950,750": 0.0030694519508948437, "1000,900": 4.679343369403632e-05, "2000,1300": 4.398822606668607e-05, "700,350": 0.033301121908059776, "950,350": 0.006452142691059325, "1200,900": 0.0012286520679797993, "1100,1000": 2.3520946129393034e-05, "1400,600": 0.000655668378748257, "1600,700": 0.00025428670375682386, "1050,800": 0.0023961292614745984, "1200,600": 0.0018029646216818711, "1500,1400": 2.1944472791608386e-06, "1100,900": 0.0011321961753321343, "1900,400": 7.003446291053324e-05, "1900,1800": 3.0475467404787704e-07, "800,600": 0.009366228114433385, "950,450": 0.0077625908072494415, "800,350": 0.017045582320031515, "900,370": 0.010682560143735129, "1400,900": 0.0005929746598728754, "1300,800": 0.0009957543084029563, "1400,500": 0.000661988840403705, "2000,1100": 4.5704748102864055e-05, "850,700": 0.0027512337744121365, "1400,1200": 0.00019764403173473257, "2000,500": 4.714573896929452e-05, "2100,2000": 1.2525257545047892e-07, "2000,1600": 3.4744998968707375e-05, "1050,550": 0.004130413200027459, "1050,700": 0.0034653383319795316, "1500,1100": 0.0003230363372638931, "1000,850": 0.000911297318963083, "1900,600": 7.054169957746458e-05, "2000,900": 4.654621168855898e-05, "1800,900": 0.00010475839308010428, "1300,1100": 0.0003430122857603641, "1300,400": 0.0010943982101492109, "850,550": 0.011663998505981052, "1900,1300": 6.391756302272771e-05, "950,500": 0.007512229381577211, "2100,1900": 7.304659070447638e-06, "900,500": 0.009993913122022796, "800,450": 0.01898240698314904, "2100,1700": 2.317217918670321e-05, "1050,950": 3.297620919878081e-05, "1700,1600": 7.875555273118052e-07, "1400,350": 0.0005314213244160894, "1700,900": 0.00015978490648218703, "1150,330": 0.00022739164997095427, "2100,1500": 2.8424751842788677e-05, "850,650": 0.006358247026365764, "750,330": 0.002789781797762661, "1800,1400": 8.101287787987704e-05, "600,400": 0.05384231078744815, "1000,650": 0.004754137953502576, "1600,1200": 0.0002002144790572513, "1050,400": 0.004332591783061057, "1050,650": 0.00376963695258724, "1100,550": 0.0031380801368883996, "1600,1100": 0.0002249573493228103, "700,370": 0.039055454681790815, "950,330": 0.0007440556486899983, "750,600": 0.006245676254486364, "900,750": 0.001875570633872417, "750,350": 0.02384033025151513, "1700,1300": 0.00012633243139960825, "900,450": 0.010485051778130958, "1400,1000": 0.0005321796308569241, "850,400": 0.014751148648357993, "900,600": 0.008166894511208259, "900,800": 9.820113913083756e-05, "1150,950": 0.0008291626491181546, "2100,500": 3.1842822292954164e-05, "1800,700": 0.00010645874998500878, "2000,400": 4.6740318367231385e-05, "800,500": 0.016905341998425468, "1600,800": 0.00025112455875901104, "1150,450": 0.002445799200458827, "650,500": 0.015487603323527652, "1100,800": 0.0022198312917068763, "1150,750": 0.002071243124638189, "1000,400": 0.005827308132346898,