{"2000,1000": 0.0003261526679621975, "1500,350": 0.0027775738963648354, "950,550": 0.02380207177802076, "1800,1600": 3.603862228814776e-05, "1900,800": 0.0005097166175798903, "1000,750": 0.006050051314669122, "700,400": 0.09073256730991415, "1100,700": 0.009151950055657138, "1150,1050": 1.725835390748449e-05, "1400,800": 0.0031452083430936304, "1400,700": 0.0036619145959309184, "450,330": 0.02043424676340162, "750,500": 0.03934857938282945, "1400,1100": 0.0008881972258803836, "850,330": 0.022614229153071087, "1900,700": 0.0005256007676630319, "950,650": 0.013458806754018131, "850,500": 0.03775630788705294, "1700,700": 0.0011392591608651323, "1600,900": 0.0014048546293076968, "1050,750": 0.006899997886946927, "700,550": 0.011511678508390024, "1800,1000": 0.0006471470880223404, "1700,1400": 0.00019710392383055715, "1600,1000": 0.0011937046568063201, "1800,1300": 0.0003728337304453433, "1700,500": 0.0012167031023744455, "1000,500": 0.02384534378113243, "1800,400": 0.0008218945091258492, "1700,400": 0.0012376450073987362, "1900,1100": 0.0004249323256220549, "800,400": 0.06834249357865056, "1000,600": 0.017135142020337425, "1900,1600": 7.907280340874771e-05, "1050,450": 0.02141314246391012, "2100,600": 0.0002518808826297619, "1800,800": 0.0007412754015479881, "1600,600": 0.0017762358272550014, "1300,350": 0.006885239837544329, "1300,600": 0.006094821230403246, "900,700": 0.006366319935594359, "500,350": 0.09058426442778653, "1200,800": 0.00506332016724219, "1600,350": 0.0017987150158821508, "1150,350": 0.014052995279237687, "2000,600": 0.00036651869176822807, "1400,400": 0.0045192287721959505, "2000,1400": 0.00020883164877996614, "900,650": 0.012236739438692293, "2100,1600": 0.00010539700142557001, "900,350": 0.047692855718064545, "1500,600": 0.002678228730499281, "1900,350": 0.0005239516649197714, "800,650": 0.0048045875821707395, "2000,800": 0.0003516324135869896, "1000,450": 0.026618801361945006, "800,550": 0.026208219508104258, "950,700": 0.00854897900943077, "850,450": 0.047514726323226654, "1900,1400": 0.0002416566551301314, "1700,1000": 0.0008931692154305276, "1000,350": 0.029258099821550417, "850,750": 0.0001477597886036114, "1800,600": 0.0007946757605989357, "2000,1700": 5.117983299903766e-05, "1200,1100": 1.2582455428345514e-05, "1500,500": 0.002811797408759347, "900,550": 0.026385123400217873, "700,500": 0.03253493199907309, "1200,1000": 0.0008518119061219579, "1500,400": 0.002901110304015598, "430,330": 0.0044311580294130225, "1800,1100": 0.0005765597867674205, "2100,400": 0.0002557943382107595, "2000,350": 0.00035478208664384384, "1700,600": 0.001183962223694196, "1000,800": 0.0031074227327788544, "1100,600": 0.012941712848342673, "2000,1800": 1.4670487394368399e-05, "1500,700": 0.00249457373801595, "650,350": 0.13280876633935895, "750,400": 0.08061218444177569, "1500,800": 0.0022466684731063244, "1050,850": 0.00221293266681757, "1150,650": 0.009654443024227305, "800,330": 0.028780821095781603, "700,330": 0.04481512091965706, "850,350": 0.06054289257895621, "550,450": 0.0026104739384395256, "1500,1200": 0.000526551736482436, "550,400": 0.05285533624927569, "1050,900": 0.000742507417263973, "600,450": 0.03069922433729874, "1200,330": 0.003999181097409027, "1300,900": 0.002888349638513957, "1200,350": 0.011047360837485583, "1000,700": 0.009582516427081748, "1400,1300": 3.878059640345148e-06, "1150,550": 0.01196532001648822, "1200,500": 0.010382010400054674, "800,700": 0.00022325929668200872, "1500,1300": 0.0001576453245774522, "1050,350": 0.02288611856163907, "1700,1500": 5.7839947038920605e-05, "1500,1000": 0.0015023359205265541, "1100,750": 0.007076659617065688, "2100,800": 0.00024376468878991548, "750,550": 0.021006388469562036, "900,400": 0.04554258445301808, "700,450": 0.06025418991729571, "500,330": 0.05181400002903777, "1100,450": 0.017136822157071758, "1900,1700": 2.2827589884853898e-05, "2100,700": 0.00024836265565089183, "1300,1000": 0.0015357116561035035, "2000,700": 0.00036008764816848306, "1300,500": 0.006701122735782948, "1500,900": 0.001918813263403258, "1200,400": 0.011319524908765626, "1100,500": 0.015948012133640926, "1100,850": 0.0031360084346064164, "750,650": 0.00034453608512591093, "600,500": 0.001489706781879199, "1800,500": 0.0008115005756656204, "650,550": 0.0008858303717079269, "950,600": 0.01867529177081877, "1600,500": 0.0018415208486046012, "950,850": 6.829444409298098e-05, "2100,350": 0.0002425471988916279, "1800,1500": 0.0001238669074801098, "2100,1200": 0.00020696057996036157, "1600,1300": 0.0003191044239038416, "2100,1300": 0.00018984923009402575, "550,350": 0.13500142086445302, "2100,1000": 0.00023009005698802838, "2100,1400": 0.0001676392010214676, "1700,1100": 0.0007553268653697633, "600,350": 0.14355419292865637, "1700,1200": 0.0005836242022243234, "1000,550": 0.020665381358327916, "1150,850": 0.0036867280818509447, "550,330": 0.06277634509781092, "1900,1200": 0.00037740356569103455, "1100,400": 0.01811231224789011, "600,330": 0.06106112200228953, "650,330": 0.053733104303890035, "650,400": 0.09428437201560338, "1100,330": 0.006515757201058342, "950,750": 0.0044177685719087225, "1000,900": 4.751456646787855e-05, "2000,1300": 0.00025009574249101386, "700,350": 0.11434017739594396, "950,350": 0.03739460348799352, "1200,900": 0.0027315165705197476, "1100,1000": 2.3914027347822258e-05, "1400,600": 0.004047884678857722, "1600,700": 0.0016867398055318617, "1050,800": 0.004332429990789113, "1200,600": 0.009041867929797656, "1500,1400": 2.2495489277906328e-06, "1100,900": 0.0015937395038111539, "1900,400": 0.0005516585839356134, "1900,1800": 3.163278609108663e-07, "800,600": 0.01385588542503949, "950,450": 0.03280987839286471, "800,350": 0.07619177515079642, "900,370": 0.048308453271948396, "1400,900": 0.002480919352528383, "1300,800": 0.0041897664284031855, "1400,500": 0.004328699189163832, "2000,1100": 0.00030723569780850076, "850,700": 0.0032032407552302572, "1400,1200": 0.00026909456910940174, "2000,500": 0.000371263098229097, "2100,2000": 1.3101467570680627e-07, "2000,1600": 0.00010312187066096453, "1050,550": 0.017490459826652788, "1050,700": 0.009680216398194167, "1500,1100": 0.0010148609474242604, "1000,850": 0.001048115571704115, "1900,600": 0.0005376007417686006, "2000,900": 0.000340588036716051, "1800,900": 0.0007007809312234802, "1300,1100": 0.0004715741133700191, "1300,400": 0.007118076085903207, "850,550": 0.027578609337348337, "1900,1300": 0.00031640250288699455, "950,500": 0.028566306977178334, "2100,1900": 9.555083107187725e-06, "900,500": 0.033430303064903355, "800,450": 0.054777427677057296, "2100,1700": 6.807748951239258e-05, "1050,950": 3.350434439739908e-05, "1700,1600": 8.119746661549263e-07, "1400,350": 0.00434504573976839, "1700,900": 0.0009991985207732546, "1150,330": 0.005097477463297076, "2100,1500": 0.00013944304284461655, "850,650": 0.00931365685204554, "750,330": 0.03624275252312295, "1800,1400": 0.0002457167996527016, "600,400": 0.08427701267515174, "1000,650": 0.013373211151208538, "1600,1200": 0.0006215125207089817, "1050,400": 0.02291637095039988, "1050,650": 0.012463426802606774, "1100,550": 0.014550682597121539, "1600,1100": 0.0009282389557268418, "700,370": 0.10845581758188028, "950,330": 0.013762021811586962, "750,600": 0.007352475360646317, "900,750": 0.002173784673743795, "750,350": 0.0944862273737756, "1700,1300": 0.00038758263588844447, "900,450": 0.039897848594533075, "1400,1000": 0.0016921892451229091, "850,400": 0.056296036251164784, "900,600": 0.019136163560659024, "900,800": 9.962591336238244e-05, "1150,950": 0.0011596303970665988, "2100,500": 0.0002544740325858511, "1800,700": 0.0007717882345378448, "2000,400": 0.0003738903044922181, "800,500": 0.0403397043922731, "1600,800": 0.0015660172051261607, "1150,450": 0.013675472694857282, "650,500": 0.018507927119676224, "1100,800": 0.005019886873546259, "1150,750": 0.006779458705545526, "1000,400": 0.028947685137398545, "1900,1000": 0.00046123483954261694, "1100,350": 0.017918361239024298,