{"2000,1000": 2.612491360465022e-05, "1500,350": 0.0001430959084863985, "950,550": 0.0043924789025568895, "1800,1600": 2.2170472034991538e-05, "1900,800": 3.955292237211117e-05, "1000,750": 0.0023586213399933143, "700,400": 0.023998419527686634, "1100,700": 0.0017161978345961437, "1150,1050": 1.6608751299099045e-05, "1400,800": 0.0003649613471256425, "1400,700": 0.0003717025925285488, "450,330": 0.001955347844646952, "750,500": 0.014271697382547152, "1400,1100": 0.0002781235821160982, "850,330": 0.00035070466196799504, "1900,700": 3.970416762354984e-05, "950,650": 0.003840810225188775, "850,500": 0.008310554418875704, "1700,700": 9.269837762442607e-05, "1600,900": 0.00014180750689340302, "1050,750": 0.0020133427904423513, "700,550": 0.008478167382498973, "1800,1000": 5.8957799179060546e-05, "1700,1400": 6.48784684737086e-05, "1600,1000": 0.00013887651107720667, "1800,1300": 5.454659365083772e-05, "1700,500": 9.294498127930327e-05, "1000,500": 0.003347265324376138, "1800,400": 5.900173601788676e-05, "1700,400": 9.094895542746678e-05, "1900,1100": 3.862078954734942e-05, "800,400": 0.012270769844378067, "1000,600": 0.00016248396803851867, "1900,1600": 2.675796580045649e-05, "1050,450": 0.002504146522688654, "2100,600": 1.7910007650092673e-05, "1800,800": 5.9960742377590325e-05, "1600,600": 0.00014549255338993725, "1300,350": 0.0003879609523537886, "1300,600": 0.0006217965735244871, "900,700": 0.0034236769527951722, "500,350": 0.040616815350355134, "1200,800": 0.0009610350576166108, "1600,350": 8.973192961584989e-05, "1150,350": 0.0008768581806364178, "2000,600": 2.6535961631405574e-05, "1400,400": 0.00036955447396560485, "2000,1400": 2.458252780309848e-05, "900,650": 0.0046463539769122705, "2100,1600": 1.5747131896145993e-05, "900,350": 0.00403084383188601, "1500,600": 0.00023149134492031652, "1900,350": 2.445302719729143e-05, "800,650": 0.0036166033788422283, "2000,800": 2.6410690972439083e-05, "1000,450": 0.0033804842111770095, "800,550": 0.009664272700772086, "950,700": 0.0032901551195886115, "850,450": 0.008668014742928914, "1900,1400": 3.5610803475265595e-05, "1700,1000": 9.005150602527444e-05, "1000,350": 0.002129063706179461, "850,750": 0.00014299494738662455, "1800,600": 6.0393191683048e-05, "2000,1700": 1.7532119684704307e-05, "1200,1100": 1.2090130719774599e-05, "1500,500": 0.00023180658761496554, "900,550": 0.005857252453557362, "700,500": 0.016429105677271984, "1200,1000": 0.0004882014295587938, "1500,400": 0.0002271214088246403, "430,330": 0.00047558862696966107, "1800,1100": 5.810082260911553e-05, "2100,400": 1.747155496003756e-05, "2000,350": 1.630276925519579e-05, "1700,600": 9.3008376457934e-05, "1000,800": 0.0017119696201647852, "1100,600": 0.0018183818109181584, "2000,1800": 9.13483062376079e-06, "1500,700": 0.0002299516394085088, "650,350": 0.023191339918695084, "750,400": 0.01721485243227056, "1500,800": 0.00022726480448912289, "1050,850": 0.0012325023931779428, "1150,650": 0.001357882469889932, "800,330": 0.0004962407616573859, "700,330": 0.0010236612740121263, "850,350": 0.0056319776962645675, "550,450": 0.0024955920944581054, "1500,1200": 0.00016783677598329166, "550,400": 0.03640119316276361, "1050,900": 0.0005786767676547269, "600,450": 0.021861785468001712, "1200,330": 4.1097394770195174e-05, "1300,900": 0.0005552657204312951, "1200,350": 0.0006633045088651171, "1000,700": 0.0027654505370527773, "1400,1300": 3.6981786291299373e-06, "1150,550": 0.0013953343099264374, "1200,500": 0.001065755927432344, "800,700": 0.00021607846347625935, "1500,1300": 9.430535786590352e-05, "1050,350": 0.001570121917466249, "1700,1500": 3.530195281222258e-05, "1500,1000": 0.00021512235617007273, "1100,750": 0.001624080914338552, "2100,800": 1.783816079743331e-05, "750,550": 0.010805750449668696, "900,400": 0.006314303615161575, "700,450": 0.02142825916076291, "500,330": 0.003409965578819772, "1100,450": 0.0018694144645589924, "1900,1700": 1.4136721565675218e-05, "2100,700": 1.7888167562524818e-05, "1300,1000": 0.0004718841337921214, "2000,700": 2.649585495808251e-05, "1300,500": 0.0006259315863527823, "1500,900": 0.00022283322309951824, "1200,400": 0.0010506791115528352, "1100,500": 0.0018635752258506976, "1100,850": 0.0012525056739488944, "750,650": 0.00033335302967443727, "600,500": 0.0014332710865785966, "1800,500": 6.03187251824334e-05, "650,550": 0.0008549311827541037, "950,600": 0.004179914471055819, "1600,500": 0.00014551118941196284, "950,850": 6.602347867084706e-05, "2100,350": 1.099881353368313e-05, "1800,1500": 4.136270418841061e-05, "2100,1200": 1.7397294922859944e-05, "1600,1300": 0.00010342008348613461, "2100,1300": 1.719092011338878e-05, "550,350": 0.04182852757301206, "2100,1000": 1.7672500301738205e-05, "2100,1400": 1.6902052673304705e-05, "1700,1100": 8.809319050311624e-05, "600,350": 0.032417165831414546, "1700,1200": 8.476575266026597e-05, "1000,550": 0.00328167549087906, "1150,850": 0.0010990104526583514, "550,330": 0.002914077027594892, "1900,1200": 3.8029280164640095e-05, "1100,400": 0.001847655263648911, "600,330": 0.002125278318743101, "650,330": 0.0014819917401711646, "650,400": 0.03249516247615997, "1100,330": 7.243306456047744e-05, "950,750": 0.0024056929873436336, "1000,900": 4.5894916262672314e-05, "2000,1300": 2.5206516547264616e-05, "700,350": 0.01622133928414676, "950,350": 0.002914873306483524, "1200,900": 0.0008227387167146893, "1100,1000": 2.3046034938330667e-05, "1400,600": 0.00037548669391927606, "1600,700": 0.00014482125206376597, "1050,800": 0.0017099869873980766, "1200,600": 0.0010523993497737426, "1500,1400": 2.135439577965418e-06, "1100,900": 0.0008967184184452806, "1900,400": 3.883853492759997e-05, "1900,1800": 2.9347900691060997e-07, "800,600": 0.007244209405013272, "950,450": 0.0045984474182548096, "800,350": 0.007949274285353095, "900,370": 0.006043274638818999, "1400,900": 0.0003529566220265841, "1300,800": 0.0005927314420375617, "1400,500": 0.000376736644655006, "2000,1100": 2.5909297354390292e-05, "850,700": 0.002432355748681233, "1400,1200": 0.00015899001118397505, "2000,500": 2.648556077166141e-05, "2100,2000": 1.382943502248582e-09, "2000,1600": 2.1600986455241317e-05, "1050,550": 0.002456147243066117, "1050,700": 0.0022029072172675135, "1500,1100": 0.00020026318522439523, "1000,850": 0.0008124348879782203, "1900,600": 3.978037858548264e-05, "2000,900": 2.6288183652576917e-05, "1800,900": 5.954638469421571e-05, "1300,1100": 0.0002746907313560181, "1300,400": 0.0006151442111739271, "850,550": 0.007689444764123657, "1900,1300": 3.712514633444473e-05, "950,500": 0.004525547977411668, "2100,1900": 5.97553363111306e-06, "900,500": 0.006138095522842851, "800,450": 0.011934651882672787, "2100,1700": 1.4407421808939605e-05, "1050,950": 3.2328083174282036e-05, "1700,1600": 7.626958396393114e-07, "1400,350": 0.00023292794613836957, "1700,900": 9.130307403919234e-05, "1150,330": 5.4341613550186955e-05, "2100,1500": 1.6467298320682254e-05, "850,650": 0.004941512862765548, "750,330": 0.0007096450599373476, "1800,1400": 5.033213801658155e-05, "600,400": 0.040130607552607556, "1000,650": 0.003017993091214998, "1600,1200": 0.00012422893648172462, "1050,400": 0.002479627799341605, "1050,650": 0.0023240132997808484, "1100,550": 0.0018462195657950556, "1600,1100": 0.00013384702324450198, "700,370": 0.023866722714122254, "950,330": 0.00018101396225348463, "750,600": 0.005479215609939984, "900,750": 0.001663390117198617, "750,350": 0.011322326428188556, "1700,1300": 7.84435186326823e-05, "900,450": 0.006297935043160891, "1400,1000": 0.0003295891185564639, "850,400": 0.0087724778854319, "900,600": 0.00539884762860552, "900,800": 9.637541502709641e-05, "1150,950": 0.0006587141188727821, "2100,500": 1.7872307345187018e-05, "1800,700": 6.0242777433768665e-05, "2000,400": 2.5895433139761524e-05, "800,500": 0.011107132845169978, "1600,800": 0.0001436449335103919, "1150,450": 0.0014061815084646708, "650,500": 0.013435839358856477, "1100,800": 0.0014806623456002932, "1150,750": 0.0012788640827629551,