{"2000,1000": 1.124641482076157e-05, "1500,350": 2.7524764310406932e-05, "950,550": 0.002012292019657433, "1800,1600": 1.3878176039589363e-05, "1900,800": 1.7073102436236028e-05, "1000,750": 0.0012521492077489907, "700,400": 0.010765694929816797, "1100,700": 0.0007929385737418301, "1150,1050": 1.5266967967263505e-05, "1400,800": 0.00016124023479982408, "1400,700": 0.0001627880185084009, "450,330": 0.0003719507687189421, "750,500": 0.007324327846185809, "1400,1100": 0.00013889529414778186, "850,330": 3.7332591189783876e-05, "1900,700": 1.711971299876167e-05, "950,650": 0.0018912334705074134, "850,500": 0.003867352337483247, "1700,700": 4.010865196865947e-05, "1600,900": 6.197820673171344e-05, "1050,750": 0.0009969675330160062, "700,550": 0.005996363503795445, "1800,1000": 2.554944466480263e-05, "1700,1400": 3.2415469531806414e-05, "1600,1000": 6.111694881472208e-05, "1800,1300": 2.4186931527659065e-05, "1700,500": 3.953998503499024e-05, "1000,500": 0.0014805179319726338, "1800,400": 2.336877500653515e-05, "1700,400": 3.6059085383179776e-05, "1900,1100": 1.6679590880560014e-05, "800,400": 0.005200455943576053, "1000,600": 0.0014623133659063749, "1900,1600": 1.3339304490185377e-05, "1050,450": 0.0010739073796641853, "2100,600": 7.680800899648358e-06, "1800,800": 2.593304017234581e-05, "1600,600": 6.279616028638116e-05, "1300,350": 7.495619069008143e-05, "1300,600": 0.00027163941463270963, "900,700": 0.002038444872814174, "500,350": 0.0122771627072113, "1200,800": 0.00044467529007379024, "1600,350": 1.7234421030410864e-05, "1150,350": 0.00017036097168434674, "2000,600": 1.1388736951838541e-05, "1400,400": 0.00014726083812867803, "2000,1400": 1.065578669820293e-05, "900,650": 0.002445142987529422, "2100,1600": 6.8921699653627665e-06, "900,350": 0.0007994685107864255, "1500,600": 0.00010018480281519616, "1900,350": 4.682891991363602e-06, "800,650": 0.0026138601824534403, "2000,800": 1.138338557055227e-05, "1000,450": 0.0014587365628859828, "800,550": 0.005017043882792601, "950,700": 0.0017396863922250583, "850,450": 0.0038731887140494125, "1900,1400": 1.5728133510930484e-05, "1700,1000": 3.925500858817955e-05, "1000,350": 0.0004176479119309756, "850,750": 0.0001320087064318176, "1800,600": 2.597478096550756e-05, "2000,1700": 8.724343409495124e-06, "1200,1100": 1.1094310933513722e-05, "1500,500": 9.897023036750842e-05, "900,550": 0.002748998653670963, "700,500": 0.009395980694322367, "1200,1000": 0.0002989668450439288, "1500,400": 9.031140385374191e-05, "430,330": 0.00010212725303194923, "1800,1100": 2.5244268894352217e-05, "2100,400": 6.905489074804848e-06, "2000,350": 3.120052859065764e-06, "1700,600": 4.006324152011667e-05, "1000,800": 0.0010310252048340198, "1100,600": 0.0008133332365069002, "2000,1800": 5.721517834049192e-06, "1500,700": 0.0001001424015694852, "650,350": 0.005027024704550476, "750,400": 0.007460803864018432, "1500,800": 9.949927982562412e-05, "1050,850": 0.0007458530510073593, "1150,650": 0.0006085923777632595, "800,330": 5.333145160733068e-05, "700,330": 0.00011353067531033549, "850,350": 0.0011260651505752915, "550,450": 0.002213982583757535, "1500,1200": 8.387749303773913e-05, "550,400": 0.023082457823611655, "1050,900": 0.00043069134235483255, "600,450": 0.014796369412535865, "1200,330": 4.252923068431651e-06, "1300,900": 0.00025695355444377765, "1200,350": 0.00012859077171163745, "1000,700": 0.0013660062752836695, "1400,1300": 3.3638619585868273e-06, "1150,550": 0.0006126977288889823, "1200,500": 0.0004606045249270433, "800,700": 0.00019929812508572733, "1500,1300": 5.8639121635336716e-05, "1050,350": 0.0003068121554488527, "1700,1500": 2.2067193444146752e-05, "1500,1000": 9.626281196159733e-05, "1100,750": 0.0007712684675001971, "2100,800": 7.679723548655586e-06, "750,550": 0.006270162147469234, "900,400": 0.0026067393663421388, "700,450": 0.010770841246792218, "500,330": 0.0005014650285640278, "1100,450": 0.0007978494752985095, "1900,1700": 8.854957948057564e-06, "2100,700": 7.697060105907174e-06, "1300,1000": 0.00023534296504626893, "2000,700": 1.1411302463206622e-05, "1300,500": 0.0002690099058105802, "1500,900": 9.829897973619881e-05, "1200,400": 0.00042152295416581555, "1100,500": 0.0008124079611933263, "1100,850": 0.0006693064565385158, "750,650": 0.0003069181476023983, "600,500": 0.001296362808431146, "1800,500": 2.5628978890689254e-05, "650,550": 0.0007805768784229635, "950,600": 0.0019714664051127965, "1600,500": 6.199928917456697e-05, "950,850": 6.095248324353571e-05, "2100,350": 2.10383387291027e-06, "1800,1500": 2.064796004261002e-05, "2100,1200": 7.453753598031396e-06, "1600,1300": 5.1692182060848736e-05, "2100,1300": 7.362402609185897e-06, "550,350": 0.010538516078243977, "2100,1000": 7.59278434129583e-06, "2100,1400": 7.249908362265543e-06, "1700,1100": 3.86505483524317e-05, "600,350": 0.007418908117996921, "1700,1200": 3.7719469161365894e-05, "1000,550": 0.0014791283811072097, "1150,850": 0.0005462119953544519, "550,330": 0.00037354764097831617, "1900,1200": 1.646027890214585e-05, "1100,400": 0.000745478592772088, "600,330": 0.00025300461489393875, "650,330": 0.00016893556575290594, "650,400": 0.01542962915604268, "1100,330": 7.529374966146414e-06, "950,750": 0.0014410538316848769, "1000,900": 4.2343307560310395e-05, "2000,1300": 1.0863331065392246e-05, "700,350": 0.003401266026858122, "950,350": 0.0005745718894738084, "1200,900": 0.00040946930317908295, "1100,1000": 2.1215858187888374e-05, "1400,600": 0.0001631217450408237, "1600,700": 6.28297135695239e-05, "1050,800": 0.000910969003397105, "1200,600": 0.0004637884313192833, "1500,1400": 1.9319538373187936e-06, "1100,900": 0.0005450184358889213, "1900,400": 1.5369917713692733e-05, "1900,1800": 2.584607460845757e-07, "800,600": 0.004247703828193823, "950,450": 0.0020005870483185365, "800,350": 0.0016066554669069985, "900,370": 0.0021651497722502493, "1400,900": 0.0001582398010292341, "1300,800": 0.00026601242684622887, "1400,500": 0.00016129198000368317, "2000,1100": 1.1145385193295145e-05, "850,700": 0.0017717828872073009, "1400,1200": 9.84637145720352e-05, "2000,500": 1.1233652411342148e-05, "2100,2000": 1.0385593985712466e-07, "2000,1600": 9.835708841037372e-06, "1050,550": 0.0010944300203611012, "1050,700": 0.0010445586843257008, "1500,1100": 9.24768792937178e-05, "1000,850": 0.0006020834219764576, "1900,600": 1.7089062529383908e-05, "2000,900": 1.132615524601773e-05, "1800,900": 2.5775216317168608e-05, "1300,1100": 0.0001692617630203094, "1300,400": 0.00024582211413462756, "850,550": 0.0037481143379074493, "1900,1300": 1.616482356276699e-05, "950,500": 0.0020243691467983957, "2100,1900": 3.7400019655783456e-06, "900,500": 0.0027898306516390154, "800,450": 0.005456779005649246, "2100,1700": 6.534012697705416e-06, "1050,950": 2.979778814364847e-05, "1700,1600": 6.81469051382017e-07, "1400,350": 4.488994222619104e-05, "1700,900": 3.967418639909073e-05, "1150,330": 5.635021654844815e-06, "2100,1500": 7.103381171756089e-06, "850,650": 0.002921680853608153, "750,330": 7.726548709875533e-05, "1800,1400": 2.307642322611796e-05, "600,400": 0.02107857049987638, "1000,650": 0.0014279595060879748, "1600,1200": 5.725598687321166e-05, "1050,400": 0.0010043104184908555, "1050,650": 0.0010720740664974648, "1100,550": 0.0008158012059599997, "1600,1100": 5.974247760942707e-05, "700,370": 0.009123001324889806, "950,330": 1.9023584340224446e-05, "750,600": 0.003922525919051809, "900,750": 0.0012197002408659218, "750,350": 0.0023229921913025175, "1700,1300": 3.6067241833785214e-05, "900,450": 0.0027705344880777014, "1400,1000": 0.00015240725378912323, "850,400": 0.0036613823517348343, "900,600": 0.002647345836852437, "900,800": 8.899395149923213e-05, "1150,950": 0.0004019437902612215, "2100,500": 7.57548776793369e-06, "1800,700": 2.6014423904354614e-05, "2000,400": 1.024080088391289e-05, "800,500": 0.005362379375581668, "1600,800": 6.253195982487935e-05, "1150,450": 0.0005978560934101061, "650,500": 0.009344970877498334, "1100,800": 0.0007346721564898291,