{"0.5": {"gg-fusion": [0.0, 44.0172384, 3.131992119519167, 57.3738542, 0.22828123957969065, 34.802049, 3.810693184638217e-05, 29.71982, 6.41137421784497e-08, 13.3514985, 1.6975550183272103e-08, 5.87241884, 5.8846181805191845e-09, 2.71121667, 2.359505891369453e-09, 1.32224346, 1.0432972414091775e-09, 0.677910157, 4.959936999857526e-10, 0.363041501, 2.495752250218584e-10, 0.20187531], "bb-associated_production": [0.0, 0.505581214, 0.000968716335273929, 0.0177455714, 2.8060625057216813e-05, 0.00427791285, 1.781639048659605e-09, 0.00138951076, 2.598202584338584e-12, 0.000541068057, 6.884220577152303e-13, 0.00023814855, 2.4859308130198325e-13, 0.000114534144, 1.0512710928141781e-13, 5.89121787e-05, 4.917162903481475e-14, 3.1950575e-05, 2.4714307531931758e-14, 1.80895832e-05, 1.3118399781052872e-14, 1.06111535e-05], "mA": [33.8124, 33.8124, 133.8124, 133.8124, 233.8124, 233.8124, 333.8124, 333.8124, 433.8124, 433.8124, 533.8124, 533.8124, 633.8124, 633.8124, 733.8124, 733.8124, 833.8124, 833.8124, 933.8124, 933.8124, 1033.8124, 1033.8124], "mH": [125.0, 125.0, 225.0, 225.0, 325.0, 325.0, 425.0, 425.0, 525.0, 525.0, 625.0, 625.0, 725.0, 725.0, 825.0, 825.0, 925.0, 925.0, 1025.0, 1025.0, 1125.0, 1125.0]}, "10.5": {"gg-fusion": [0.0, 42.5669131, 0.021264172562171668, 1.86607117, 0.0039353949665838946, 0.366539641, 0.001076119736044666, 0.118216917, 0.0002300100066454934, 0.0350792927, 6.706069693583687e-05, 0.0120543296, 2.2953187134027487e-05, 0.00471900649, 0.0006329624206689621, 0.00204736349, 1.1429849314084014e-07, 0.000962703757, 1.696769076433245e-06, 0.00048261922, 8.152719111661672e-07, 0.000254738096], "bb-associated_production": [0.0, 0.409059007, 0.08587654097419911, 7.53623198, 0.019505791479856736, 1.81675432, 0.005371643122419046, 0.590100774, 0.0015066489259019558, 0.229782084, 0.0005626485581817428, 0.101137499, 0.00023658743108052665, 0.0486406361, 0.007734857651194109, 0.0250189658, 1.610982367017457e-06, 0.0135688471, 2.700915246051375e-05, 0.00768232771, 1.4422330633170248e-05, 0.0045063702], "mA": [33.8124, 33.8124, 133.8124, 133.8124, 233.8124, 233.8124, 333.8124, 333.8124, 433.8124, 433.8124, 533.8124, 533.8124, 633.8124, 633.8124, 733.8124, 733.8124, 833.8124, 833.8124, 933.8124, 933.8124, 1033.8124, 1033.8124], "mH": [125.0, 125.0, 225.0, 225.0, 325.0, 325.0, 425.0, 425.0, 525.0, 525.0, 625.0, 625.0, 725.0, 725.0, 825.0, 825.0, 925.0, 925.0, 1025.0, 1025.0, 1125.0, 1125.0]}, "40.5": {"gg-fusion": [0.0, 43.0805641, 0.016438477412903503, 21.1735045, 0.00212548707960685, 2.89501945, 0.0004109517532152976, 0.62408017, 0.00010169952070358582, 0.172872015, 3.055817502512973e-05, 0.0577221655, 1.0604931766591764e-05, 0.0220782828, 4.1122734169047715e-06, 0.00936261274, 1.739778077629064e-06, 0.0043017882, 7.897831633677418e-07, 0.00210796789, 3.799641050949271e-07, 0.00108893334], "bb-associated_production": [0.0, 0.180779572, 0.08692448478850845, 111.962679, 0.019816283627102728, 26.990767, 0.005772921640076787, 8.76688295, 0.0020083037571626138, 3.41377732, 0.0007954557670339592, 1.50255797, 0.00034710498904462456, 0.722633797, 0.00016325755913005943, 0.371696419, 8.152800263192882e-05, 0.201586745, 4.2761775901295205e-05, 0.114133163, 2.33607706841491e-05, 0.0669492768], "mA": [33.8124, 33.8124, 133.8124, 133.8124, 233.8124, 233.8124, 333.8124, 333.8124, 433.8124, 433.8124, 533.8124, 533.8124, 633.8124, 633.8124, 733.8124, 733.8124, 833.8124, 833.8124, 933.8124, 933.8124, 1033.8124, 1033.8124], "mH": [125.0, 125.0, 225.0, 225.0, 325.0, 325.0, 425.0, 425.0, 525.0, 525.0, 625.0, 625.0, 725.0, 725.0, 825.0, 825.0, 925.0, 925.0, 1025.0, 1025.0, 1125.0, 1125.0]}, "20.5": {"gg-fusion": [0.0, 42.7141368, 0.017225253002312018, 5.70173985, 0.00238681286915857, 0.83604021, 0.0, 0.187245533, 0.00010867028400670574, 0.0484382517, 3.0118309198036978e-05, 0.0150000385, 9.702294990875041e-06, 0.00534895948, 3.5153452036717253e-06, 0.00212822488, 1.3980732693005984e-06, 0.000923136362, 5.996466837612708e-07, 0.000429332779, 2.736163980900908e-07, 0.000211375491], "bb-associated_production": [0.0, 0.322751332, 0.08670384137822053, 28.6998831, 0.019752100024061633, 6.91866131, 0.0, 2.24725343, 0.001963199233651574, 0.875068465, 0.0007733503641154357, 0.385157253, 0.0003359930389030223, 0.18523588, 0.00015737860264775183, 0.0952785682, 7.825874711474244e-05, 0.0516736116, 4.0862043871269515e-05, 0.0292562526, 2.2214688424195797e-05, 0.0171614008], "mA": [33.8124, 33.8124, 133.8124, 133.8124, 233.8124, 233.8124, 333.8124, 333.8124, 433.8124, 433.8124, 533.8124, 533.8124, 633.8124, 633.8124, 733.8124, 733.8124, 833.8124, 833.8124, 933.8124, 933.8124, 1033.8124, 1033.8124], "mH": [125.0, 125.0, 225.0, 225.0, 325.0, 325.0, 425.0, 425.0, 525.0, 525.0, 625.0, 625.0, 725.0, 725.0, 825.0, 825.0, 925.0, 925.0, 1025.0, 1025.0, 1125.0, 1125.0]}, "30.5": {"gg-fusion": [0.0, 42.8923005, 0.016628427719751853, 12.157171, 0.002186632661392407, 1.6908105, 0.0004243768461985402, 0.366093617, 0.00010225212578486238, 0.098976109, 2.994961444064642e-05, 0.0322474181, 0.0, 0.012070987, 3.86317179040835e-06, 0.00502281309, 1.6061389112777044e-06, 0.00227020917, 7.178274695470698e-07, 0.00109644319, 3.404658030772846e-07, 0.000559077424], "bb-associated_production": [0.0, 0.246658186, 0.08686641057950828, 63.5086988, 0.019799583478232376, 15.3099989, 0.0057645400969460955, 4.97284749, 0.0020004932487571714, 1.93640021, 0.0007915665902043775, 0.852297409, 0.0, 0.409900267, 0.00016216058885735733, 0.210837719, 8.089825125975276e-05, 0.114346244, 4.238436926319222e-05, 0.0647398644, 2.3126364371528347e-05, 0.037975703], "mA": [33.8124, 33.8124, 133.8124, 133.8124, 233.8124, 233.8124, 333.8124, 333.8124, 433.8124, 433.8124, 533.8124, 533.8124, 633.8124, 633.8124, 733.8124, 733.8124, 833.8124, 833.8124, 933.8124, 933.8124, 1033.8124, 1033.8124], "mH": [125.0, 125.0, 225.0, 225.0, 325.0, 325.0, 425.0, 425.0, 525.0, 525.0, 625.0, 625.0, 725.0, 725.0, 825.0, 825.0, 925.0, 925.0, 1025.0, 1025.0, 1125.0, 1125.0]}, "50.5": {"gg-fusion": [0.0, 43.2776727, 0.016356856517338945, 32.7435355, 0.0020996345884951553, 4.4442492, 0.00040577789628474625, 0.957451279, 0.00010171629409098942, 0.268446142, 3.0931504387556596e-05, 0.0906821489, 1.0845911140637277e-05, 0.0350327952, 4.242745343240055e-06, 0.0149811443, 1.8086539285942253e-06, 0.00693275278, 8.26567698060891e-07, 0.0034183761, 4.000572012982143e-07, 0.00177555113], "bb-associated_production": [0.0, 0.125115487, 0.08695164516715992, 174.061824, 0.019823977231155004, 41.9609657, 0.005776265663489588, 13.6293598, 0.002010938546620191, 5.30719979, 0.0007967842198141742, 2.33593893, 0.0003478081625005821, 1.12343647, 0.00016365173131177487, 0.577854668, 8.176020699380559e-05, 0.313395113, 4.2904286747485614e-05, 0.177436148, 2.345119874554066e-05, 0.104082122], "mA": [33.8124, 33.8124, 133.8124, 133.8124, 233.8124, 233.8124, 333.8124, 333.8124, 433.8124, 433.8124, 533.8124, 533.8124, 633.8124, 633.8124, 733.8124, 733.8124, 833.8124, 833.8124, 933.8124, 933.8124, 1033.8124, 1033.8124], "mH": [125.0, 125.0, 225.0, 225.0, 325.0, 325.0, 425.0, 425.0, 525.0, 525.0, 625.0, 625.0, 725.0, 725.0, 825.0, 825.0, 925.0, 925.0, 1025.0, 1025.0, 1125.0, 1125.0]}}