{"0.5": {"Awidth": [0.000537916343, 0.00538869455, 0.0255246914, 0.468837213, 72.2686856, 100.107076, 123.159172, 144.105407, 163.822856, 182.715013, 201.003857], "mA": [33.8124, 133.8124, 233.8124, 333.8124, 433.8124, 533.8124, 633.8124, 733.8124, 833.8124, 933.8124, 1033.8124], "Hwidth": [0.00527737333, 0.0168979569, 0.0604952262, 25.5204189, 59.0424304, 88.2862774, 114.167883, 137.689724, 159.534933, 180.152801, 199.844428], "mH": [125.0, 225.0, 325.0, 425.0, 525.0, 625.0, 725.0, 825.0, 925.0, 1025.0, 1125.0], "H+width": [0.0354574661, 10.6581797, 40.1045721, 66.1524219, 89.1507659, 110.14983, 129.804394, 148.509058, 166.511038, 183.972538, 201.004632], "hwidth": [0.20071698, 0.00432850812, 0.00432861074, 0.00432864881, 0.00432866706, 0.00432867722, 0.00432868345, 0.00432868755, 0.00432869038, 0.00432869243, 0.00432869395]}, "10.5": {"Awidth": [0.111331782, 0.341950559, 0.541622207, 0.730035875, 1.07446942, 1.3147517, 1.54120491, 0.022636832, 6.41599316, 2.18988686, 2.40163705], "mA": [33.8124, 133.8124, 233.8124, 333.8124, 433.8124, 533.8124, 633.8124, 733.8124, 833.8124, 933.8124, 1033.8124], "Hwidth": [0.324723891, 0.531773743, 0.725683081, 0.96110314, 1.20990709, 1.4521566, 1.69149445, 13.0333549, 5.89060147, 2.42336219, 2.67944738], "mH": [125.0, 225.0, 325.0, 425.0, 525.0, 625.0, 725.0, 825.0, 925.0, 1025.0, 1125.0], "H+width": [0.0637614414, 0.288896788, 0.677441083, 0.992823392, 1.26807177, 1.52064044, 1.75921035, 17.4213444, 9.90121986, 2.43117805, 2.64769059], "hwidth": [0.20014993, 0.00376140942, 0.00376150185, 0.00376153612, 0.00376155255, 0.00376156169, 0.0037615673, 0.00425855043, 0.00425855043, 0.00376157538, 0.00376157675]}, "40.5": {"Awidth": [1.65617337, 5.08785446, 8.05882796, 10.8437013, 13.5337391, 16.1416228, 18.6913636, 21.1950217, 23.6608443, 26.0948658, 28.5017022], "mA": [33.8124, 133.8124, 233.8124, 333.8124, 433.8124, 533.8124, 633.8124, 733.8124, 833.8124, 933.8124, 1033.8124], "Hwidth": [4.78788587, 7.80342191, 10.6098584, 13.3058931, 15.9259782, 18.4895226, 21.009452, 23.4948662, 25.9525634, 28.3878607, 30.8050698], "mH": [125.0, 225.0, 325.0, 425.0, 525.0, 625.0, 725.0, 825.0, 925.0, 1025.0, 1125.0], "H+width": [0.469497149, 2.68011837, 7.03617909, 10.5769435, 13.7012242, 16.5917783, 19.3334588, 21.9719867, 24.5347325, 27.039363, 29.4979524], "hwidth": [0.198851755, 0.0024631055, 0.00246317129, 0.00246319566, 0.00246320734, 0.00246321384, 0.00246321782, 0.00246322044, 0.00246322226, 0.00246322357, 0.00246322454]}, "20.5": {"Awidth": [0.42433856, 1.30353314, 2.06468581, 0, 3.50898989, 4.1943511, 4.86286056, 5.51928568, 6.166389, 6.80609472, 7.43985936], "mA": [33.8124, 133.8124, 233.8124, 333.8124, 433.8124, 533.8124, 633.8124, 733.8124, 833.8124, 933.8124, 1033.8124], "Hwidth": [1.22925054, 2.00547456, 2.72867754, 0, 4.12689022, 4.8068888, 5.47912006, 6.14706834, 6.81349668, 7.48069656, 8.15064427], "mH": [125.0, 225.0, 325.0, 425.0, 525.0, 625.0, 725.0, 825.0, 925.0, 1025.0, 1125.0], "H+width": [0.145968249, 0.760246247, 1.9160713, 0, 3.67648988, 4.43744188, 5.15873898, 5.85303843, 6.52797808, 7.18853512, 7.83815216], "hwidth": [0.199658666, 0.00327010279, 0.00327018628, 0, 0.00327023207, 0.00327024032, 0.00327024538, 0.00327024871, 0.00327025102, 0.00327025268, 0.00327025392]}, "30.5": {"Awidth": [0.939285859, 2.88550287, 4.57043031, 6.15002762, 7.68946192, 9.17457091, 0, 12.0519157, 13.4565206, 14.8436432, 16.2160294], "mA": [33.8124, 133.8124, 233.8124, 333.8124, 433.8124, 533.8124, 633.8124, 733.8124, 833.8124, 933.8124, 1033.8124], "Hwidth": [2.71697186, 4.42936028, 6.02341886, 7.55836874, 9.05259067, 10.5164304, 0, 13.3823212, 14.7944258, 16.1975746, 17.5946669], "mH": [125.0, 225.0, 325.0, 425.0, 525.0, 625.0, 725.0, 825.0, 925.0, 1025.0, 1125.0], "H+width": [0.281213814, 1.561324, 4.05079999, 6.07229925, 7.85459428, 9.50282696, 0, 12.5703491, 14.0319139, 15.4608908, 16.8643151], "hwidth": [0.199226011, 0.00283740481, 0.00283747944, 0.00283750709, 0.00283752034, 0.00283752772, 0, 0.00283753521, 0.00283753727, 0.00283753875, 0.00283753986]}, "50.5": {"Awidth": [2.57500104, 7.91058723, 12.5298751, 16.8595808, 21.0311359, 25.0807052, 29.0400129, 32.9272977, 36.7551394, 40.5327494, 44.2671617], "mA": [33.8124, 133.8124, 233.8124, 333.8124, 433.8124, 533.8124, 633.8124, 733.8124, 833.8124, 933.8124, 1033.8124], "Hwidth": [7.44199236, 12.1276583, 16.4879903, 20.6740167, 24.7396372, 28.7150764, 32.6198153, 36.4674117, 40.267876, 44.0289353, 47.7567644], "mH": [125.0, 225.0, 325.0, 425.0, 525.0, 625.0, 725.0, 825.0, 925.0, 1025.0, 1125.0], "H+width": [0.710818125, 4.11506688, 10.8662967, 16.3567535, 21.2032208, 25.6880335, 29.9421361, 34.0360202, 38.0118428, 41.8967805, 45.7093764], "hwidth": [0.198535853, 0.00214716118, 0.0021472182, 0.0021472393, 0.00214724942, 0.00214725504, 0.00214725849, 0.00214726076, 0.00214726233, 0.00214726346, 0.00214726431]}}